{"name":"1fbeab97-4db7-4ecc-9157-edecb127bd31","id":"/providers/Microsoft.Flow/flows/1fbeab97-4db7-4ecc-9157-edecb127bd31","type":"Microsoft.Flow/flows","properties":{"apiId":"/providers/Microsoft.PowerApps/apis/shared_logicflows","displayName":"Copy of - vROPS WebHook To Teams Channel","definition":{"metadata":{"workflowEntityId":null,"processAdvisorMetadata":null,"flowChargedByPaygo":null,"flowclientsuspensionreason":"None","flowclientsuspensiontime":null,"flowclientsuspensionreasondetails":null,"creator":{"id":"f101acdc-df75-4f63-86c8-9a29fc18de0b","type":"User","tenantId":"7470e6aa-7ba3-459b-b601-e987fc0a153a"},"provisioningMethod":"FromDefinition","failureAlertSubscription":true,"clientLastModifiedTime":"2026-01-30T19:58:47.0308634Z","connectionKeySavedTimeKey":"2026-01-30T19:58:47.0308634Z","creationSource":null,"modifiedSources":"Portal"},"$schema":"https://schema.management.azure.com/providers/Microsoft.Logic/schemas/2016-06-01/workflowdefinition.json#","contentVersion":"1.0.0.0","parameters":{"$authentication":{"defaultValue":{},"type":"SecureObject"},"$connections":{"defaultValue":{},"type":"Object"},"teams.group":{"defaultValue":"","type":"String"},"teams.channel":{"defaultValue":"","type":"String"}},"triggers":{"manual":{"metadata":{},"type":"Request","kind":"TeamsWebhook","inputs":{"schema":{"type":"object","properties":{"type":{"type":"string"},"attachments":{"type":"array","items":{"type":"object","properties":{"contentType":{"type":"string"},"content":{"type":"object","properties":{"$schema":{"type":"string"},"type":{"type":"string"},"version":{"type":"string"},"body":{"type":"array","items":{"type":"object","properties":{"type":{"type":"string"}},"required":["type"]}}}}},"required":["contentType","content"]}}}},"triggerAuthenticationType":"All"}}},"actions":{"Condition":{"actions":{"Attachments_is_null":{"actions":{"Post_card_in_a_chat_or_channel_1":{"type":"OpenApiConnection","inputs":{"parameters":{"poster":"Flow bot","location":"Channel","body/recipient/groupId":"@","body/recipient/channelId":"@","body/messageBody":"@item()?['content']"},"host":{"apiId":"/providers/Microsoft.PowerApps/apis/shared_teams","connectionName":"shared_teams","operationId":"PostCardToConversation"},"authentication":"@parameters('$authentication')"}}},"else":{"actions":{"For_each":{"foreach":"@triggerOutputs()?['body']?['attachments']","actions":{"Post_card_in_a_chat_or_channel":{"type":"OpenApiConnection","inputs":{"parameters":{"poster":"Flow bot","location":"Channel","body/recipient/groupId":"@","body/recipient/channelId":"@","body/messageBody":"@item()?['content']"},"host":{"apiId":"/providers/Microsoft.PowerApps/apis/shared_teams","connectionName":"shared_teams","operationId":"PostCardToConversation"},"authentication":"@parameters('$authentication')"}},"Add_a_row_into_a_table":{"runAfter":{"Post_card_in_a_chat_or_channel":["Succeeded"]},"metadata":{"01UNDMDTYALRLEWX25G5E2KWZIF62Z7GYH":"/Aria Operations Alerts/Book.xlsx","01UNDMDT5NGYR6P5N4PVEKGOOTDDSUSHJX":"/Aria Operations Alerts/AlertsID.xlsx","tableId":"{D538DE73-90F1-4749-93E9-62702FB99868}","01UNDMDT662FLKYIZVWNDKURB3NYVH4DEL":"/Virtualization Team Chat/Service/AlertsID.xlsx","01UNDMDTZXY5H5EVTI3ZEJKKDFBIC3RBWH":"/Virtualization Team Chat/Service/AlertsID.xlsx"},"type":"OpenApiConnection","inputs":{"parameters":{"source":"groups/4b689949-a067-47bb-afd5-fc03e50bc705","drive":"b!vIW4Ew3f80q5qQ_Sdd3gccoc1-BREItGpmeTDbfETj45Wo9IK51pRK7oxxUwozYG","file":"01UNDMDT5NGYR6P5N4PVEKGOOTDDSUSHJX","table":"{D538DE73-90F1-4749-93E9-62702FB99868}","item/AlertID":"@variables('Body')?['alertId']","item/MessageID":"@outputs('Post_card_in_a_chat_or_channel')?['body/id']"},"host":{"apiId":"/providers/Microsoft.PowerApps/apis/shared_excelonlinebusiness","connectionName":"shared_excelonlinebusiness","operationId":"AddRowV2"},"authentication":"@parameters('$authentication')"}}},"type":"Foreach"},"For_each_1_1":{"foreach":"@triggerOutputs()?['body']?['attachments']","actions":{"List_rows_present_in_a_table_2":{"metadata":{"01UNDMDT5NGYR6P5N4PVEKGOOTDDSUSHJX":"/Aria Operations Alerts/AlertsID.xlsx","tableId":"{D538DE73-90F1-4749-93E9-62702FB99868}","01UNDMDT662FLKYIZVWNDKURB3NYVH4DEL":"/Virtualization Team Chat/Service/AlertsID.xlsx","01UNDMDTZXY5H5EVTI3ZEJKKDFBIC3RBWH":"/Virtualization Team Chat/Service/AlertsID.xlsx"},"type":"OpenApiConnection","inputs":{"parameters":{"source":"groups/4b689949-a067-47bb-afd5-fc03e50bc705","drive":"b!vIW4Ew3f80q5qQ_Sdd3gccoc1-BREItGpmeTDbfETj45Wo9IK51pRK7oxxUwozYG","file":"01UNDMDT5NGYR6P5N4PVEKGOOTDDSUSHJX","table":"{D538DE73-90F1-4749-93E9-62702FB99868}","extractSensitivityLabel":true,"$filter":"AlertID eq '@{triggerBody()?['alertId']}'"},"host":{"apiId":"/providers/Microsoft.PowerApps/apis/shared_excelonlinebusiness","connectionName":"shared_excelonlinebusiness","operationId":"GetItems"},"authentication":"@parameters('$authentication')"}},"For_each_5":{"foreach":"@outputs('List_rows_present_in_a_table_2')?['body/value']","actions":{"Reply_with_an_adaptive_card_in_a_channel_2":{"type":"OpenApiConnection","inputs":{"parameters":{"poster":"Flow bot","location":"Channel","body/parentMessageId":"@items('For_each_5')?['MessageID']","body/recipient/groupId":"4b689949-a067-47bb-afd5-fc03e50bc705","body/recipient/channelId":"19:bqooHLQM5IwuK32OmXapfW4AHAOHTOVN_XyAgDzeayc1@thread.tacv2","body/messageBody":"@triggerOutputs()?['body']?['attachments'][0]?['content']"},"host":{"apiId":"/providers/Microsoft.PowerApps/apis/shared_teams","connectionName":"shared_teams","operationId":"ReplyWithCardToConversation"},"authentication":"@parameters('$authentication')"}}},"runAfter":{"List_rows_present_in_a_table_2":["Succeeded"]},"type":"Foreach"}},"runAfter":{"Delay":["Succeeded"]},"type":"Foreach"},"Delay":{"runAfter":{"For_each":["Succeeded"]},"type":"Wait","inputs":{"interval":{"count":2,"unit":"Minute"}}}}},"expression":{"and":[{"equals":["@equals(variables('Body')?['Attachments'] , null)",true]}]},"type":"If"}},"runAfter":{"Initialize_variable_(Attachments)":["Succeeded"]},"else":{"actions":{}},"expression":{"or":[{"contains":["@triggerBody()?['alertAction']","newalert"]}]},"type":"If"},"Initialize_variable_(Body)":{"runAfter":{},"type":"InitializeVariable","inputs":{"variables":[{"name":"Body","type":"object","value":"@triggerBody()"}]}},"Initialize_variable_(Attachments)":{"runAfter":{"Initialize_variable_(Body)":["Succeeded"]},"type":"InitializeVariable","inputs":{"variables":[{"name":"Attachments","type":"object","value":{}}]}},"Condition_1":{"actions":{"Attachments_is_null_1":{"actions":{"Post_card_in_a_chat_or_channel_2":{"type":"OpenApiConnection","inputs":{"parameters":{"poster":"Flow bot","location":"Channel","body/recipient/groupId":"4b689949-a067-47bb-afd5-fc03e50bc705","body/recipient/channelId":"19:bqooHLQM5IwuK32OmXapfW4AHAOHTOVN_XyAgDzeayc1@thread.tacv2","body/messageBody":"@item()?['content']"},"host":{"apiId":"/providers/Microsoft.PowerApps/apis/shared_teams","connectionName":"shared_teams","operationId":"PostCardToConversation"},"authentication":"@parameters('$authentication')"}}},"else":{"actions":{"For_each_1":{"foreach":"@triggerOutputs()?['body']?['attachments']","actions":{"List_rows_present_in_a_table":{"metadata":{"01UNDMDT5NGYR6P5N4PVEKGOOTDDSUSHJX":"/Aria Operations Alerts/AlertsID.xlsx","tableId":"{D538DE73-90F1-4749-93E9-62702FB99868}","01UNDMDT662FLKYIZVWNDKURB3NYVH4DEL":"/Virtualization Team Chat/Service/AlertsID.xlsx","01UNDMDTZXY5H5EVTI3ZEJKKDFBIC3RBWH":"/Virtualization Team Chat/Service/AlertsID.xlsx"},"type":"OpenApiConnection","inputs":{"parameters":{"source":"groups/4b689949-a067-47bb-afd5-fc03e50bc705","drive":"b!vIW4Ew3f80q5qQ_Sdd3gccoc1-BREItGpmeTDbfETj45Wo9IK51pRK7oxxUwozYG","file":"01UNDMDT5NGYR6P5N4PVEKGOOTDDSUSHJX","table":"{D538DE73-90F1-4749-93E9-62702FB99868}","extractSensitivityLabel":true,"$filter":"AlertID eq '@{triggerBody()?['alertId']}'"},"host":{"apiId":"/providers/Microsoft.PowerApps/apis/shared_excelonlinebusiness","connectionName":"shared_excelonlinebusiness","operationId":"GetItems"},"authentication":"@parameters('$authentication')"}},"For_each_2":{"foreach":"@outputs('List_rows_present_in_a_table')?['body/value']","actions":{"Update_an_adaptive_card_in_a_chat_or_channel":{"type":"OpenApiConnection","inputs":{"parameters":{"poster":"Flow bot","location":"Channel","body/messageId":"@items('For_each_2')?['MessageID']","body/recipient/groupId":"4b689949-a067-47bb-afd5-fc03e50bc705","body/recipient/channelId":"19:bqooHLQM5IwuK32OmXapfW4AHAOHTOVN_XyAgDzeayc1@thread.tacv2","body/messageBody":"@triggerOutputs()?['body']?['attachments'][0]?['content']"},"host":{"apiId":"/providers/Microsoft.PowerApps/apis/shared_teams","connectionName":"shared_teams","operationId":"UpdateCardInConversation"},"authentication":"@parameters('$authentication')"}},"Reply_with_an_adaptive_card_in_a_channel":{"runAfter":{"Update_an_adaptive_card_in_a_chat_or_channel":["Succeeded"]},"type":"OpenApiConnection","inputs":{"parameters":{"poster":"Flow bot","location":"Channel","body/parentMessageId":"@items('For_each_2')?['MessageID']","body/recipient/groupId":"4b689949-a067-47bb-afd5-fc03e50bc705","body/recipient/channelId":"19:bqooHLQM5IwuK32OmXapfW4AHAOHTOVN_XyAgDzeayc1@thread.tacv2","body/messageBody":"@triggerOutputs()?['body']?['attachments'][0]?['content']\r\n"},"host":{"apiId":"/providers/Microsoft.PowerApps/apis/shared_teams","connectionName":"shared_teams","operationId":"ReplyWithCardToConversation"},"authentication":"@parameters('$authentication')"}}},"runAfter":{"List_rows_present_in_a_table":["Succeeded"]},"type":"Foreach"}},"type":"Foreach"}}},"expression":{"and":[{"equals":["@equals(variables('Body')?['Attachments'] , null)",true]},{"equals":["",""]}]},"type":"If"}},"runAfter":{"Initialize_variable_(Attachments)":["Succeeded"]},"else":{"actions":{}},"expression":{"or":[{"contains":["@triggerBody()?['alertAction']","resalert"]}]},"type":"If"},"Condition_1_1":{"actions":{"Attachments_is_null_2":{"actions":{"Post_card_in_a_chat_or_channel_3":{"type":"OpenApiConnection","inputs":{"parameters":{"poster":"Flow bot","location":"Channel","body/recipient/groupId":"4b689949-a067-47bb-afd5-fc03e50bc705","body/recipient/channelId":"19:bqooHLQM5IwuK32OmXapfW4AHAOHTOVN_XyAgDzeayc1@thread.tacv2","body/messageBody":"@item()?['content']"},"host":{"apiId":"/providers/Microsoft.PowerApps/apis/shared_teams","connectionName":"shared_teams","operationId":"PostCardToConversation"},"authentication":"@parameters('$authentication')"}}},"else":{"actions":{"For_each_3":{"foreach":"@triggerOutputs()?['body']?['attachments']","actions":{"List_rows_present_in_a_table_1":{"metadata":{"01UNDMDT5NGYR6P5N4PVEKGOOTDDSUSHJX":"/Aria Operations Alerts/AlertsID.xlsx","tableId":"{D538DE73-90F1-4749-93E9-62702FB99868}","01UNDMDT662FLKYIZVWNDKURB3NYVH4DEL":"/Virtualization Team Chat/Service/AlertsID.xlsx","01UNDMDTZXY5H5EVTI3ZEJKKDFBIC3RBWH":"/Virtualization Team Chat/Service/AlertsID.xlsx"},"type":"OpenApiConnection","inputs":{"parameters":{"source":"groups/4b689949-a067-47bb-afd5-fc03e50bc705","drive":"b!vIW4Ew3f80q5qQ_Sdd3gccoc1-BREItGpmeTDbfETj45Wo9IK51pRK7oxxUwozYG","file":"01UNDMDT5NGYR6P5N4PVEKGOOTDDSUSHJX","table":"{D538DE73-90F1-4749-93E9-62702FB99868}","extractSensitivityLabel":true,"$filter":"AlertID eq '@{triggerBody()?['alertId']}'"},"host":{"apiId":"/providers/Microsoft.PowerApps/apis/shared_excelonlinebusiness","connectionName":"shared_excelonlinebusiness","operationId":"GetItems"},"authentication":"@parameters('$authentication')"}},"For_each_4":{"foreach":"@outputs('List_rows_present_in_a_table_1')?['body/value']","actions":{"Update_an_adaptive_card_in_a_chat_or_channel_1":{"type":"OpenApiConnection","inputs":{"parameters":{"poster":"Flow bot","location":"Channel","body/messageId":"@items('For_each_4')?['MessageID']","body/recipient/groupId":"4b689949-a067-47bb-afd5-fc03e50bc705","body/recipient/channelId":"19:bqooHLQM5IwuK32OmXapfW4AHAOHTOVN_XyAgDzeayc1@thread.tacv2","body/messageBody":"@triggerOutputs()?['body']?['attachments'][0]?['content']"},"host":{"apiId":"/providers/Microsoft.PowerApps/apis/shared_teams","connectionName":"shared_teams","operationId":"UpdateCardInConversation"},"authentication":"@parameters('$authentication')"}},"Reply_with_an_adaptive_card_in_a_channel_1":{"runAfter":{"Update_an_adaptive_card_in_a_chat_or_channel_1":["Succeeded"]},"type":"OpenApiConnection","inputs":{"parameters":{"poster":"Flow bot","location":"Channel","body/parentMessageId":"@{triggerOutputs()?['body']?['attachments'][0]?['content']}\n","body/recipient/groupId":"4b689949-a067-47bb-afd5-fc03e50bc705","body/recipient/channelId":"19:bqooHLQM5IwuK32OmXapfW4AHAOHTOVN_XyAgDzeayc1@thread.tacv2","body/messageBody":"@triggerOutputs()?['body']?['attachments'][0]?['content']\n"},"host":{"apiId":"/providers/Microsoft.PowerApps/apis/shared_teams","connectionName":"shared_teams","operationId":"ReplyWithCardToConversation"},"authentication":"@parameters('$authentication')"}}},"runAfter":{"List_rows_present_in_a_table_1":["Succeeded"]},"type":"Foreach"}},"type":"Foreach"}}},"expression":{"and":[{"equals":["@equals(variables('Body')?['Attachments'] , null)",true]},{"equals":["",""]}]},"type":"If"}},"runAfter":{"Initialize_variable_(Attachments)":["Succeeded"]},"else":{"actions":{}},"expression":{"or":[{"contains":["@triggerBody()?['alertAction']","updalert"]}]},"type":"If"}},"outputs":{},"description":""},"connectionReferences":{"shared_teams":{"connectionName":"shared-teams-2341a482-f5f7-4f98-b986-1d05ef49594b","source":"Embedded","id":"/providers/Microsoft.PowerApps/apis/shared_teams","tier":"NotSpecified","apiName":"teams","isProcessSimpleApiReferenceConversionAlreadyDone":false},"shared_excelonlinebusiness":{"connectionName":"shared-excelonlinebu-d990a7d4-8249-4259-a1bd-ca9624c3e797","source":"Embedded","id":"/providers/Microsoft.PowerApps/apis/shared_excelonlinebusiness","tier":"NotSpecified","apiName":"excelonlinebusiness","isProcessSimpleApiReferenceConversionAlreadyDone":false}},"flowFailureAlertSubscribed":false,"isManaged":false}}